,timestamp,sentidx,ticker
0,2012-10-15,7.17281063193,aapl
1,2012-10-16,3.54623409515,aapl
2,2012-10-17,2.69106305682,aapl
3,2012-10-18,8.76624222576,aapl
4,2012-10-19,0.0509210382103,aapl
5,2012-10-20,1.28079247796,aapl
6,2012-10-21,1.9662566686,aapl
7,2012-10-22,3.13021246074,aapl
8,2012-10-23,-0.508430555607,aapl
9,2012-10-24,0.0241748126182,aapl
10,2012-10-25,2.28503737954,aapl
11,2012-10-26,1.50811058424,aapl
12,2012-10-27,0.263302220141,aapl
13,2012-10-28,2.10839812877,aapl
14,2012-10-29,2.66701967639,aapl
15,2012-10-30,1.31992956643,aapl
16,2012-10-31,2.54928535369,aapl
17,2012-11-01,1.21437390676,aapl
18,2012-11-02,1.5312234495,aapl
19,2012-11-03,-0.0128804998238,aapl
20,2012-11-04,0.770809702045,aapl
21,2012-11-05,0.976413342415,aapl
22,2012-11-06,-1.34640400315,aapl
23,2012-11-07,3.06557166437,aapl
24,2012-11-08,1.60718750109,aapl
25,2012-11-09,1.85413985044,aapl
26,2012-11-10,6.35502484111,aapl
27,2012-11-11,1.81078610574,aapl
28,2012-11-12,2.59568035389,aapl
29,2012-11-13,1.84247495015,aapl
30,2012-11-14,1.87545206631,aapl
31,2012-11-15,2.43646427678,aapl
32,2012-11-16,1.22213310324,aapl
33,2012-11-17,2.37040427696,aapl
34,2012-11-18,2.23263570315,aapl
35,2012-11-19,3.5004533059,aapl
36,2012-11-20,1.26634643616,aapl
37,2012-11-21,2.1723275002,aapl
38,2012-11-22,2.16769931422,aapl
39,2012-11-23,2.07138712614,aapl
40,2012-11-24,1.2979273243,aapl
41,2012-11-25,1.91143155119,aapl
42,2012-11-26,2.81095619703,aapl
43,2012-11-27,3.43359230383,aapl
44,2012-11-28,2.00936841401,aapl
45,2012-11-29,3.16642077905,aapl
46,2012-11-30,3.16792590432,aapl
47,2012-12-01,1.88490644287,aapl
48,2012-12-02,2.86748235508,aapl
49,2012-12-03,3.55845250626,aapl
50,2012-12-04,1.82187971455,aapl
51,2012-12-05,1.8204602031,aapl
52,2012-12-06,1.61567035027,aapl
53,2012-12-07,1.25531193337,aapl
54,2012-12-08,0.318327248233,aapl
55,2012-12-09,0.630404090952,aapl
56,2012-12-10,2.46294452833,aapl
57,2012-12-11,1.24415093745,aapl
58,2012-12-12,2.22232809342,aapl
59,2012-12-13,1.32326226207,aapl
60,2012-12-14,2.6779961589,aapl
61,2012-12-15,1.93728703785,aapl
62,2012-12-16,1.90317696155,aapl
63,2012-12-17,2.39675130362,aapl
64,2012-12-18,1.49694049299,aapl
65,2012-12-19,1.09427408698,aapl
66,2012-12-20,2.69904065843,aapl
67,2012-12-21,0.467407620473,aapl
68,2012-12-22,0.719809867592,aapl
69,2012-12-23,2.85010369651,aapl
70,2012-12-24,1.0373939325,aapl
71,2012-12-25,2.0658076917,aapl
72,2012-12-26,2.79105363269,aapl
73,2012-12-27,1.97330384785,aapl
74,2012-12-28,1.7236672713,aapl
75,2012-12-29,-2.96242544145,aapl
76,2012-12-30,0.503669881319,aapl
77,2012-12-31,2.0457327053,aapl
78,2013-01-01,-0.00514220208395,aapl
79,2013-01-02,2.03273831289,aapl
80,2013-01-03,2.27433863402,aapl
81,2013-01-04,2.71959301484,aapl
82,2013-01-05,4.58628710842,aapl
83,2013-01-06,2.05717345351,aapl
84,2013-01-07,2.66562012668,aapl
85,2013-01-08,3.23337220593,aapl
86,2013-01-09,2.90888990024,aapl
87,2013-01-10,4.09271832773,aapl
88,2013-01-11,2.92194795762,aapl
89,2013-01-12,2.9665079616,aapl
90,2013-01-13,1.22021974254,aapl
91,2013-01-14,2.91839467253,aapl
92,2013-01-15,1.9212697944,aapl
93,2013-01-16,1.56838133412,aapl
94,2013-01-17,2.91830576506,aapl
95,2013-01-18,3.05091403566,aapl
96,2013-01-19,1.12171682452,aapl
97,2013-01-20,1.49242302364,aapl
98,2013-01-21,2.00518816659,aapl
99,2013-01-22,2.97323334962,aapl
100,2013-01-23,2.20482433061,aapl
101,2013-01-24,1.71746416158,aapl
102,2013-01-25,2.48720967743,aapl
103,2013-01-26,2.35284007053,aapl
104,2013-01-27,2.31720982241,aapl
105,2013-01-28,3.10364857973,aapl
106,2013-01-29,2.75651496151,aapl
107,2013-01-30,1.86265892544,aapl
108,2013-01-31,2.89403024422,aapl
109,2013-02-01,2.57303777225,aapl
110,2013-02-02,2.56533095474,aapl
111,2013-02-03,5.20178998257,aapl
112,2013-02-04,2.76356203511,aapl
113,2013-02-05,2.51140054122,aapl
114,2013-02-06,2.4551712754,aapl
115,2013-02-07,2.75253218587,aapl
116,2013-02-08,2.09374826093,aapl
117,2013-02-09,1.58016544843,aapl
118,2013-02-10,3.18341228134,aapl
119,2013-02-11,2.09854028143,aapl
120,2013-02-12,2.31176210454,aapl
121,2013-02-13,2.57229411888,aapl
122,2013-02-14,1.98948711072,aapl
123,2013-02-15,2.68365107661,aapl
124,2013-02-16,2.16135759108,aapl
125,2013-02-17,0.735292283391,aapl
126,2013-02-18,2.46937713288,aapl
127,2013-02-19,3.03847713147,aapl
128,2013-02-20,2.01392192563,aapl
129,2013-02-21,1.60665124744,aapl
130,2013-02-22,2.32472322116,aapl
131,2013-02-23,1.47486276222,aapl
132,2013-02-24,1.70555919383,aapl
133,2013-02-25,1.73336973613,aapl
134,2013-02-26,1.64012490817,aapl
135,2013-02-27,2.78576463327,aapl
136,2013-02-28,1.28951734352,aapl
137,2013-03-01,1.56842035817,aapl
138,2013-03-02,-0.0169118661584,aapl
139,2013-03-03,2.06765221707,aapl
140,2013-03-04,1.70950348837,aapl
141,2013-03-05,1.79481845203,aapl
142,2013-03-06,1.24324162369,aapl
143,2013-03-07,1.5015774418,aapl
144,2013-03-08,1.00817984689,aapl
145,2013-03-09,-0.72602467198,aapl
146,2013-03-10,1.50027143917,aapl
147,2013-03-11,1.93656678097,aapl
148,2013-03-12,1.0428585383,aapl
149,2013-03-13,1.51201631012,aapl
150,2013-03-14,2.19222257878,aapl
151,2013-03-15,1.83969284642,aapl
152,2013-03-16,-0.698167120745,aapl
153,2013-03-17,1.81404589314,aapl
154,2013-03-18,1.10702570881,aapl
155,2013-03-19,2.70289364734,aapl
156,2013-03-20,1.51530486746,aapl
157,2013-03-21,0.52168878846,aapl
158,2013-03-22,0.93582993996,aapl
159,2013-03-23,1.09076786474,aapl
160,2013-03-24,1.33544709222,aapl
161,2013-03-25,0.889755145816,aapl
162,2013-03-26,1.12813375276,aapl
163,2013-03-27,1.22497258444,aapl
164,2013-03-28,1.45813076612,aapl
165,2013-03-29,1.06296016427,aapl
166,2013-03-30,1.14234306633,aapl
167,2013-03-31,0.947714378105,aapl
168,2013-04-01,0.425710397177,aapl
169,2013-04-02,1.13148238719,aapl
170,2013-04-03,0.200387837695,aapl
171,2013-04-04,2.61844369196,aapl
172,2013-04-05,1.77175769944,aapl
173,2013-04-06,0.346281312491,aapl
174,2013-04-07,-0.0690575882665,aapl
175,2013-04-08,1.2272326816,aapl
176,2013-04-09,1.62401315688,aapl
177,2013-04-10,1.30043787467,aapl
178,2013-04-11,1.96771658537,aapl
179,2013-04-12,1.15890071487,aapl
180,2013-04-13,1.0648386013,aapl
181,2013-04-14,1.24233348744,aapl
182,2013-04-15,1.46074187432,aapl
183,2013-04-16,1.13720145301,aapl
184,2013-04-17,-0.0944572232996,aapl
185,2013-04-18,0.0262719810667,aapl
186,2013-04-19,0.706013547001,aapl
187,2013-04-20,1.77655707913,aapl
188,2013-04-21,2.5911078915,aapl
189,2013-04-22,1.70340969121,aapl
190,2013-04-23,1.82406662891,aapl
191,2013-04-24,3.17911226391,aapl
192,2013-04-25,0.75191247566,aapl
193,2013-04-26,2.1316626462,aapl
194,2013-04-27,1.86148520393,aapl
195,2013-04-28,1.57695713369,aapl
196,2013-04-29,1.92793833889,aapl
197,2013-04-30,1.47137898086,aapl
198,2013-05-01,1.19353920504,aapl
199,2013-05-02,2.8575588985,aapl
200,2013-05-03,1.66494036055,aapl
201,2013-05-04,1.07465545014,aapl
202,2013-05-05,4.1197199173,aapl
203,2013-05-06,1.3975260122,aapl
204,2013-05-07,1.78994494264,aapl
205,2013-05-08,2.3346060489,aapl
206,2013-05-09,1.94340853955,aapl
207,2013-05-10,2.05752142381,aapl
208,2013-05-11,1.81038863421,aapl
209,2013-05-12,3.19499310448,aapl
210,2013-05-13,1.06249700494,aapl
211,2013-05-14,2.08245880724,aapl
212,2013-05-15,1.58192560374,aapl
213,2013-05-16,2.84408832134,aapl
214,2013-05-17,2.1877073873,aapl
215,2013-05-18,1.44228295786,aapl
216,2013-05-19,2.86331756394,aapl
217,2013-05-20,3.25936056347,aapl
218,2013-05-21,1.91046951624,aapl
219,2013-05-22,1.79582801963,aapl
220,2013-05-23,1.45188658438,aapl
221,2013-05-24,2.23345794027,aapl
222,2013-05-25,-0.0210488406045,aapl
223,2013-05-26,0.887143693705,aapl
224,2013-05-27,3.93214143105,aapl
225,2013-05-28,2.0845855553,aapl
226,2013-05-29,1.91140455468,aapl
227,2013-05-30,2.24830465685,aapl
228,2013-05-31,2.11546937383,aapl
229,2013-06-01,2.7693266624,aapl
230,2013-06-02,1.257059645,aapl
231,2013-06-03,2.3236995551,aapl
232,2013-06-04,1.63658352105,aapl
233,2013-06-05,0.786871676841,aapl
234,2013-06-06,2.69093641261,aapl
235,2013-06-07,1.13457082823,aapl
236,2013-06-08,2.12764665327,aapl
237,2013-06-09,2.7518605922,aapl
238,2013-06-10,3.89510320933,aapl
239,2013-06-11,2.6732628208,aapl
240,2013-06-12,3.77662520676,aapl
241,2013-06-13,2.78758997777,aapl
242,2013-06-14,3.19203464623,aapl
243,2013-06-15,0.782267238302,aapl
244,2013-06-16,4.64578291238,aapl
245,2013-06-17,1.44560702111,aapl
246,2013-06-18,3.63701846221,aapl
247,2013-06-19,3.155527293,aapl
248,2013-06-20,2.28875817008,aapl
249,2013-06-21,1.84662353119,aapl
250,2013-06-22,2.95950770249,aapl
251,2013-06-23,1.56964128724,aapl
252,2013-06-24,1.18254693559,aapl
253,2013-06-25,1.53555093993,aapl
254,2013-06-26,3.62295655436,aapl
255,2013-06-27,1.99287927239,aapl
256,2013-06-28,2.6493593063,aapl
257,2013-06-29,2.81750127527,aapl
258,2013-06-30,3.07586572128,aapl
259,2013-07-01,2.16566037345,aapl
260,2013-07-02,3.9429148206,aapl
261,2013-07-03,2.81626859612,aapl
262,2013-07-04,5.19589860312,aapl
263,2013-07-05,4.23346779745,aapl
264,2013-07-06,2.23240674698,aapl
265,2013-07-07,2.14155633334,aapl
266,2013-07-08,2.13222232563,aapl
267,2013-07-09,3.13367298032,aapl
268,2013-07-10,1.4751518387,aapl
269,2013-07-11,1.96215995898,aapl
270,2013-07-12,2.22955120157,aapl
271,2013-07-13,1.97567532278,aapl
272,2013-07-14,0.579881534912,aapl
273,2013-07-15,1.02950407125,aapl
274,2013-07-16,2.51433962965,aapl
275,2013-07-17,2.51687726822,aapl
276,2013-07-18,2.88484767681,aapl
277,2013-07-19,1.92874197489,aapl
278,2013-07-20,1.83863891003,aapl
279,2013-07-21,0.581866448008,aapl
280,2013-07-22,0.0789514575335,aapl
281,2013-07-23,2.91772419834,aapl
282,2013-07-24,2.96689906705,aapl
283,2013-07-25,1.76758560723,aapl
284,2013-07-26,3.67587866819,aapl
285,2013-07-27,2.81943194715,aapl
286,2013-07-28,3.89986256114,aapl
287,2013-07-29,1.9660248449,aapl
288,2013-07-30,2.12261379101,aapl
289,2013-07-31,2.39841818566,aapl
290,2013-08-01,2.22085256471,aapl
291,2013-08-02,2.702844412,aapl
292,2013-08-03,0.897682930062,aapl
293,2013-08-04,3.62665945415,aapl
294,2013-08-05,1.45249024933,aapl
295,2013-08-06,1.59786421289,aapl
296,2013-08-07,2.91982227608,aapl
297,2013-08-08,2.45832064402,aapl
298,2013-08-09,1.38995766967,aapl
299,2013-08-10,0.27504137103,aapl
300,2013-08-11,3.18561510424,aapl
301,2013-08-12,4.09375160782,aapl
302,2013-08-13,3.20903828721,aapl
303,2013-08-14,2.9622805802,aapl
304,2013-08-15,2.49496092372,aapl
305,2013-08-16,2.64135337527,aapl
306,2013-08-17,1.67680718144,aapl
307,2013-08-18,2.95491290693,aapl
308,2013-08-19,3.31610681782,aapl
309,2013-08-20,2.89103671962,aapl
310,2013-08-21,2.17350416643,aapl
311,2013-08-22,0.77204631972,aapl
312,2013-08-23,1.30360291162,aapl
313,2013-08-24,0.224544634819,aapl
314,2013-08-25,2.33748266583,aapl
315,2013-08-26,1.59222661652,aapl
316,2013-08-27,2.39234089347,aapl
317,2013-08-28,2.65124251744,aapl
318,2013-08-29,2.27810394303,aapl
319,2013-08-30,3.45041922102,aapl
320,2013-08-31,2.42866968493,aapl
321,2013-09-01,2.29031996708,aapl
322,2013-09-02,-0.301957333882,aapl
323,2013-09-03,1.9651051664,aapl
324,2013-09-04,3.23030907438,aapl
325,2013-09-05,2.44731064945,aapl
326,2013-09-06,3.44734739299,aapl
327,2013-09-07,2.16547151676,aapl
328,2013-09-08,2.4318850382,aapl
329,2013-09-09,2.90048785021,aapl
330,2013-09-10,3.58354458918,aapl
331,2013-09-11,2.84500294074,aapl
332,2013-09-12,3.07455493923,aapl
333,2013-09-13,2.10519457424,aapl
334,2013-09-14,2.10853021201,aapl
335,2013-09-15,1.59416804471,aapl
336,2013-09-16,1.85572850286,aapl
337,2013-09-17,2.57025855665,aapl
338,2013-09-18,2.21766372625,aapl
339,2013-09-19,2.88656666652,aapl
340,2013-09-20,3.39867025614,aapl
341,2013-09-21,1.12566094474,aapl
342,2013-09-22,3.29032163083,aapl
343,2013-09-23,2.27604453949,aapl
344,2013-09-24,2.89316144833,aapl
345,2013-09-25,3.34969766316,aapl
346,2013-09-26,1.92363300824,aapl
347,2013-09-27,2.08940794018,aapl
348,2013-09-28,2.38903307868,aapl
349,2013-09-29,5.45424156966,aapl
350,2013-09-30,2.83575878248,aapl
351,2013-10-01,3.30769779178,aapl
352,2013-10-02,3.63269404581,aapl
353,2013-10-03,2.33843189248,aapl
354,2013-10-04,2.49709109075,aapl
355,2013-10-05,1.96481066088,aapl
356,2013-10-06,1.32413987199,aapl
357,2013-10-07,2.69011082351,aapl
358,2013-10-08,2.3237887194,aapl
359,2013-10-09,3.06097531392,aapl
360,2013-10-10,3.10423551709,aapl
361,2013-10-11,1.92314575522,aapl
362,2013-10-12,0.6466133964,aapl
363,2013-10-13,2.71488949874,aapl
364,2013-10-14,0.947662085919,aapl
365,2013-10-15,3.21012873712,aapl
366,2013-10-16,2.52556505604,aapl
367,2013-10-17,3.07503454365,aapl
368,2013-10-18,2.67221797403,aapl
369,2013-10-19,1.14024727729,aapl
370,2013-10-20,2.56318413041,aapl
371,2013-10-21,3.35498153565,aapl
372,2013-10-22,3.12713800657,aapl
373,2013-10-23,2.91325112513,aapl
374,2013-10-24,2.30413475847,aapl
375,2013-10-25,3.75048257504,aapl
376,2013-10-26,3.18311055789,aapl
377,2013-10-27,4.70507974763,aapl
378,2013-10-28,2.87055987338,aapl
379,2013-10-29,3.42181276414,aapl
380,2013-10-30,3.50750748532,aapl
381,2013-10-31,4.22371795591,aapl
382,2013-11-01,2.91254257058,aapl
383,2013-11-02,1.56397480448,aapl
384,2013-11-03,3.3386421848,aapl
385,2013-11-04,2.69454316859,aapl
386,2013-11-05,4.09751253774,aapl
387,2013-11-06,4.9569452119,aapl
388,2013-11-07,2.50529465372,aapl
389,2013-11-08,0.614655922554,aapl
390,2013-11-09,5.88733156988,aapl
391,2013-11-10,5.37735061154,aapl
392,2013-11-11,7.72198163235,aapl
393,2013-11-12,4.47279114658,aapl
394,2013-11-13,4.34779333711,aapl
395,2013-11-14,2.13296964361,aapl
396,2013-11-15,1.57752129225,aapl
397,2013-11-16,3.9707729336,aapl
398,2013-11-17,2.94125279944,aapl
399,2013-11-18,3.1006055398,aapl
400,2013-11-19,4.20456459904,aapl
401,2013-11-20,3.76536590347,aapl
402,2013-11-21,2.62543276552,aapl
403,2013-11-22,3.33078084813,aapl
404,2013-11-23,10.0660579889,aapl
405,2013-11-24,3.77130747613,aapl
406,2013-11-25,3.40219832328,aapl
407,2013-11-26,4.78854177477,aapl
408,2013-11-27,2.81432263287,aapl
409,2013-11-28,0.396302653129,aapl
410,2013-11-29,4.09733004561,aapl
411,2013-11-30,2.26892404361,aapl
412,2013-12-01,2.43623548277,aapl
413,2013-12-02,4.90049887617,aapl
414,2013-12-03,3.96682930799,aapl
415,2013-12-04,2.67119172469,aapl
416,2013-12-05,4.52945655287,aapl
417,2013-12-06,2.83717324328,aapl
418,2013-12-07,5.70987564422,aapl
419,2013-12-08,2.44604155321,aapl
420,2013-12-09,3.65299529051,aapl
421,2013-12-10,3.95943850002,aapl
422,2013-12-11,5.60550432163,aapl
423,2013-12-12,-0.239898823595,aapl
424,2013-12-13,3.19703033754,aapl
425,2013-12-14,0.702918481247,aapl
426,2013-12-15,1.63616576594,aapl
427,2013-12-16,2.77340020635,aapl
428,2013-12-17,3.07366782128,aapl
429,2013-12-18,3.06541084617,aapl
430,2013-12-19,3.16878906807,aapl
431,2013-12-20,5.52414725189,aapl
432,2013-12-21,3.60496063499,aapl
433,2013-12-22,3.35674012405,aapl
434,2013-12-23,6.70986019848,aapl
435,2013-12-24,5.73826745528,aapl
436,2013-12-25,2.99164549634,aapl
437,2013-12-26,5.29893660685,aapl
438,2013-12-27,5.21321461035,aapl
439,2013-12-28,2.18983520185,aapl
440,2013-12-29,4.75240680082,aapl
441,2013-12-30,4.49858649374,aapl
442,2013-12-31,4.10532744196,aapl
443,2014-01-01,4.75234325642,aapl
444,2014-01-02,6.35784284446,aapl
445,2014-01-03,6.20705473092,aapl
446,2014-01-04,6.7243019528,aapl
447,2014-01-05,2.559197771,aapl
448,2014-01-06,5.56067499311,aapl
449,2014-01-07,5.7265641528,aapl
450,2014-01-08,4.25379539068,aapl
451,2014-01-09,2.91567766223,aapl
452,2014-01-10,2.193945602,aapl
453,2014-01-11,7.087922127,aapl
454,2014-01-12,4.54446456419,aapl
455,2014-01-13,5.64904856061,aapl
456,2014-01-14,3.34475853642,aapl
457,2014-01-15,5.06679736149,aapl
458,2014-01-16,6.51829639048,aapl
459,2014-01-17,5.32320894668,aapl
460,2014-01-18,3.6553045127,aapl
461,2014-01-19,7.93798111331,aapl
462,2014-01-20,4.353892462,aapl
463,2014-01-21,10.5628800412,aapl
464,2014-01-22,2.69163444493,aapl
465,2014-01-23,4.9687372324,aapl
466,2014-01-24,4.94284565943,aapl
467,2014-01-25,5.4933785009,aapl
468,2014-01-26,3.01526817596,aapl
469,2014-01-27,3.9279616157,aapl
470,2014-01-28,2.35448046484,aapl
471,2014-01-29,2.29275363457,aapl
472,2014-01-30,4.44899680432,aapl
473,2014-01-31,4.40359634133,aapl
474,2014-02-01,3.95483277844,aapl
475,2014-02-02,3.50606921555,aapl
476,2014-02-03,3.30896487749,aapl
477,2014-02-04,2.95889240316,aapl
478,2014-02-05,4.91544233364,aapl
479,2014-02-06,2.49931801032,aapl
480,2014-02-07,2.12288685978,aapl
481,2014-02-08,0.996431332123,aapl
482,2014-02-09,0.641505706724,aapl
483,2014-02-10,2.35402369853,aapl
484,2014-02-11,2.53789912638,aapl
485,2014-02-12,4.88310951562,aapl
486,2014-02-13,0.409879488255,aapl
487,2014-02-14,1.11696349894,aapl
488,2014-02-15,7.61905064902,aapl
489,2014-02-16,4.80033610791,aapl
490,2014-02-17,2.24725910953,aapl
491,2014-02-18,4.3556224566,aapl
492,2014-02-19,3.80974364307,aapl
493,2014-02-20,2.82452603068,aapl
494,2014-02-21,3.6239412646,aapl
495,2014-02-22,1.56260155353,aapl
496,2014-02-23,2.31029709436,aapl
497,2014-02-24,1.0936107776,aapl
498,2014-02-25,4.90147383422,aapl
499,2014-02-26,2.55906504816,aapl
500,2014-02-27,3.68112407775,aapl
501,2014-02-28,0.734883294191,aapl
502,2014-03-01,4.44261554344,aapl
503,2014-03-02,0.865917844812,aapl
504,2014-03-03,1.83243391238,aapl
505,2014-03-04,3.85133554742,aapl
506,2014-03-05,4.40694406273,aapl
507,2014-03-06,-0.179226485581,aapl
508,2014-03-07,4.77607559341,aapl
509,2014-03-08,10.3286891181,aapl
510,2014-03-09,0.812169943205,aapl
511,2014-03-10,3.22053138425,aapl
512,2014-03-11,3.41845848921,aapl
513,2014-03-12,4.43882737238,aapl
514,2014-03-13,3.02382335158,aapl
515,2014-03-14,1.58899845571,aapl
516,2014-03-15,4.02571291501,aapl
517,2014-03-16,3.97126550081,aapl
518,2014-03-17,2.68913252306,aapl
519,2014-03-18,2.17553277702,aapl
520,2014-03-19,0.40027661293,aapl
521,2014-03-20,3.91096596096,aapl
522,2014-03-21,3.93578589453,aapl
523,2014-03-22,3.75861076335,aapl
524,2014-03-23,0.641202502813,aapl
525,2014-03-24,1.34198546214,aapl
526,2014-03-25,2.41277194122,aapl
527,2014-03-26,4.26318405583,aapl
528,2014-03-27,5.11564345491,aapl
529,2014-03-28,3.90474424032,aapl
530,2014-03-29,2.73452739664,aapl
531,2014-03-30,3.63930272258,aapl
532,2014-03-31,1.65379251243,aapl
533,2014-04-01,2.7169310065,aapl
534,2014-04-02,4.48908558024,aapl
535,2014-04-03,3.75621533013,aapl
536,2014-04-04,2.19332499161,aapl
537,2014-04-05,3.57622925368,aapl
538,2014-04-06,3.78245938485,aapl
539,2014-04-07,3.07081952912,aapl
540,2014-04-08,2.9160994812,aapl
541,2014-04-09,2.058902316,aapl
542,2014-04-10,3.70377883048,aapl
543,2014-04-11,1.59299341781,aapl
544,2014-04-12,0.802209267325,aapl
545,2014-04-13,1.5079480937,aapl
546,2014-04-14,2.24314607514,aapl
547,2014-04-15,1.05158649327,aapl
548,2014-04-16,2.98432180259,aapl
549,2014-04-17,3.40068103108,aapl
550,2014-04-18,5.04897023896,aapl
551,2014-04-19,3.73013428637,aapl
552,2014-04-20,2.41121617698,aapl
553,2014-04-21,5.77551778202,aapl
554,2014-04-22,1.97958608757,aapl
555,2014-04-23,2.43288682321,aapl
556,2014-04-24,4.82173535378,aapl
557,2014-04-25,7.05490282712,aapl
558,2014-04-26,5.06539176119,aapl
559,2014-04-27,1.6326373627,aapl
560,2014-04-28,2.71731165666,aapl
561,2014-04-29,3.60976484882,aapl
562,2014-04-30,2.88871534072,aapl
563,2014-05-01,4.86422681188,aapl
564,2014-05-02,1.48107826643,aapl
565,2014-05-03,1.6543288804,aapl
566,2014-05-04,0.573676451722,aapl
567,2014-05-05,3.27698797312,aapl
568,2014-05-06,2.94487679852,aapl
569,2014-05-07,3.04982014701,aapl
570,2014-05-08,4.43928983887,aapl
571,2014-05-09,2.82546248677,aapl
572,2014-05-10,3.00491106615,aapl
573,2014-05-11,2.54553821559,aapl
574,2014-05-12,6.17238837606,aapl
575,2014-05-13,3.17952031598,aapl
576,2014-05-14,4.21582531179,aapl
577,2014-05-15,2.35358006339,aapl
578,2014-05-16,1.0345924448,aapl
579,2014-05-17,2.90178800068,aapl
580,2014-05-18,1.96372742957,aapl
581,2014-05-19,4.78394430292,aapl
582,2014-05-20,4.14582931791,aapl
583,2014-05-21,3.15730025049,aapl
584,2014-05-22,2.90878267222,aapl
585,2014-05-23,3.26393173543,aapl
586,2014-05-24,1.22053041082,aapl
587,2014-05-25,0.595089303504,aapl
588,2014-05-26,6.43837486146,aapl
589,2014-05-27,3.5623673397,aapl
590,2014-05-28,2.55134570266,aapl
591,2014-05-29,2.52472296551,aapl
592,2014-05-30,1.53475701856,aapl
593,2014-05-31,5.13607069664,aapl
594,2014-06-01,3.84008777093,aapl
595,2014-06-02,5.36279659856,aapl
596,2014-06-03,2.93776510452,aapl
597,2014-06-04,1.67108670094,aapl
598,2014-06-05,4.28034458246,aapl
599,2014-06-06,3.44979630837,aapl
600,2014-06-07,0.452338999828,aapl
601,2014-06-08,3.52499565654,aapl
602,2014-06-09,3.87382529524,aapl
603,2014-06-10,5.29792598044,aapl
604,2014-06-11,3.76333860573,aapl
605,2014-06-12,3.3053204628,aapl
606,2014-06-13,2.55499080288,aapl
607,2014-06-14,4.84918440399,aapl
608,2014-06-15,3.47246886537,aapl
609,2014-06-16,2.24023745732,aapl
610,2014-06-17,2.02426570103,aapl
611,2014-06-18,3.7920466102,aapl
612,2014-06-19,3.8382243381,aapl
613,2014-06-20,0.862669185978,aapl
614,2014-06-21,0.721785655415,aapl
615,2014-06-22,0.312236920889,aapl
616,2014-06-23,3.77395564843,aapl
617,2014-06-24,4.55422346609,aapl
618,2014-06-25,4.30112070711,aapl
619,2014-06-26,3.51677790576,aapl
620,2014-06-27,3.46718384923,aapl
621,2014-06-28,2.49338401022,aapl
622,2014-06-29,1.37217933831,aapl
623,2014-06-30,4.03158438589,aapl
624,2014-07-01,1.57488431794,aapl
625,2014-07-02,4.1641557546,aapl
626,2014-07-03,2.98387751566,aapl
627,2014-07-04,3.96186337255,aapl
628,2014-07-05,0.828007920511,aapl
629,2014-07-06,0.779372484401,aapl
630,2014-07-07,3.29208639328,aapl
631,2014-07-08,3.92990588557,aapl
632,2014-07-09,1.87617663285,aapl
633,2014-07-10,2.45567977038,aapl
634,2014-07-11,2.6768701042,aapl
635,2014-07-12,3.58067985446,aapl
636,2014-07-13,0.308490532827,aapl
637,2014-07-14,2.47303495148,aapl
638,2014-07-15,4.55605145853,aapl
639,2014-07-16,3.12947134715,aapl
640,2014-07-17,1.90535679987,aapl
641,2014-07-18,1.82967134357,aapl
642,2014-07-19,1.64545820902,aapl
643,2014-07-20,4.02959607173,aapl
644,2014-07-21,3.96061151826,aapl
645,2014-07-22,3.57885061852,aapl
646,2014-07-23,4.50701382507,aapl
647,2014-07-24,2.96706857711,aapl
648,2014-07-25,3.18687820066,aapl
649,2014-07-26,5.18051606707,aapl
650,2014-07-27,5.49654934973,aapl
651,2014-07-28,3.07224416853,aapl
652,2014-07-29,3.38747343189,aapl
653,2014-07-30,3.12845399875,aapl
654,2014-07-31,2.47502336421,aapl
655,2014-08-01,4.79082032367,aapl
656,2014-08-02,3.89444228823,aapl
657,2014-08-03,1.26307459493,aapl
658,2014-08-04,2.74754403271,aapl
659,2014-08-05,3.36455202635,aapl
660,2014-08-06,-0.483696518777,aapl
661,2014-08-07,4.3926548323,aapl
662,2014-08-08,2.76094282498,aapl
663,2014-08-09,-5.04047918928,aapl
664,2014-08-10,7.31987269765,aapl
665,2014-08-11,1.33672287068,aapl
666,2014-08-12,1.07989891764,aapl
667,2014-08-13,0.857387771319,aapl
668,2014-08-14,6.68796309845,aapl
669,2014-08-15,1.47208825351,aapl
670,2014-08-16,6.00723431507,aapl
671,2014-08-17,5.26056991246,aapl
672,2014-08-18,3.40313937142,aapl
673,2014-08-19,8.76281745322,aapl
674,2014-08-20,4.24073210375,aapl
675,2014-08-21,3.80386629275,aapl
676,2014-08-22,3.91846756779,aapl
677,2014-08-23,5.33627384879,aapl
678,2014-08-24,5.32788497935,aapl
679,2014-08-25,2.83788822209,aapl
680,2014-08-26,5.19761317461,aapl
681,2014-08-27,2.58969575658,aapl
682,2014-08-28,4.41612089957,aapl
683,2014-08-29,2.43570582769,aapl
684,2014-08-30,10.0854812363,aapl
685,2014-08-31,7.22926321218,aapl
686,2014-09-01,3.22670517809,aapl
687,2014-09-02,1.79936441329,aapl
688,2014-09-03,1.74031142095,aapl
689,2014-09-04,3.27122871014,aapl
690,2014-09-05,3.81036380379,aapl
691,2014-09-06,3.6710803605,aapl
692,2014-09-07,6.91497930991,aapl
693,2014-09-08,2.88774548728,aapl
694,2014-09-09,3.08518640875,aapl
695,2014-09-10,3.36622691247,aapl
696,2014-09-11,2.84913830563,aapl
697,2014-09-12,4.91945562793,aapl
698,2014-09-13,4.78071653542,aapl
699,2014-09-14,8.43603550585,aapl
700,2014-09-15,7.53723810247,aapl
701,2014-09-16,11.1039156565,aapl
702,2014-09-17,4.13474556369,aapl
703,2014-09-18,5.13543027522,aapl
704,2014-09-19,4.72014193514,aapl
705,2014-09-20,2.76343271233,aapl
706,2014-09-21,4.35520608356,aapl
707,2014-09-22,7.31033542888,aapl
708,2014-09-23,3.31788932765,aapl
709,2014-09-24,2.76901014366,aapl
710,2014-09-25,1.24629269885,aapl
711,2014-09-26,2.69574957414,aapl
712,2014-09-27,2.14303535275,aapl
713,2014-09-28,1.81434913288,aapl
714,2014-09-29,2.8365344168,aapl
715,2014-09-30,3.47311068999,aapl
716,2014-10-01,2.16446435612,aapl
717,2014-10-02,5.58330747333,aapl
718,2014-10-03,3.24647119955,aapl
719,2014-10-04,2.14068508062,aapl
720,2014-10-05,2.40045167699,aapl
721,2014-10-06,7.92928346825,aapl
722,2014-10-07,15.0581944308,aapl
723,2014-10-08,2.45833432096,aapl
724,2014-10-09,-0.877094822944,aapl
725,2014-10-10,0.67819225087,aapl
726,2014-10-11,3.45325752381,aapl
727,2014-10-12,1.01774417648,aapl
728,2014-10-13,2.30677999768,aapl
729,2014-10-14,4.29600543913,aapl
730,2014-10-15,3.0325262566,aapl
731,2014-10-16,3.54707335653,aapl
732,2014-10-17,3.8919971883,aapl
733,2014-10-18,2.88651509892,aapl
734,2014-10-19,2.52788226685,aapl
735,2014-10-20,3.50034799934,aapl
736,2014-10-21,3.78969439882,aapl
737,2014-10-22,2.8818612562,aapl
738,2014-10-23,2.39620665847,aapl
739,2014-10-24,0.587675153653,aapl
740,2014-10-25,-4.69738888189,aapl
741,2014-10-26,2.2328045029,aapl
742,2014-10-27,2.03182931609,aapl
743,2014-10-28,2.56017801377,aapl
744,2014-10-29,4.04522212268,aapl
745,2014-10-30,3.76425266316,aapl
746,2014-10-31,6.16283971528,aapl
747,2014-11-01,4.52509092077,aapl
748,2014-11-02,5.57506561918,aapl
749,2014-11-03,3.40472888384,aapl
750,2014-11-04,3.18585718108,aapl
751,2014-11-05,4.1559901968,aapl
752,2014-11-06,2.48143056226,aapl
753,2014-11-07,6.46999528472,aapl
754,2014-11-08,1.74538368747,aapl
755,2014-11-09,2.73166766195,aapl
756,2014-11-10,4.56347975334,aapl
757,2014-11-11,2.81414931614,aapl
758,2014-11-12,-0.864246683679,aapl
759,2014-11-13,5.70936595155,aapl
760,2014-11-14,2.9892632504,aapl
761,2014-11-15,7.37664134596,aapl
762,2014-11-16,4.63016487621,aapl
763,2014-11-17,2.64619652011,aapl
764,2014-11-18,5.40891246004,aapl
765,2014-11-19,2.3559321396,aapl
766,2014-11-20,3.38378095931,aapl
767,2014-11-21,2.18053753629,aapl
768,2014-11-22,6.7744175869,aapl
769,2014-11-23,7.58629653547,aapl
770,2014-11-24,5.5800253663,aapl
771,2014-11-25,4.36823098447,aapl
772,2014-11-26,6.53859697318,aapl
773,2014-11-27,5.20670124,aapl
774,2014-11-28,3.7251150634,aapl
775,2014-11-29,3.69617281533,aapl
776,2014-11-30,1.0430102705,aapl
777,2014-12-01,3.92685934572,aapl
778,2014-12-02,1.31558965445,aapl
779,2014-12-03,1.09783149193,aapl
780,2014-12-04,1.89357521353,aapl
781,2014-12-05,2.94210613496,aapl
782,2014-12-06,3.39803716225,aapl
783,2014-12-07,3.16678173118,aapl
784,2014-12-08,6.01992414781,aapl
785,2014-12-09,1.88341108852,aapl
786,2014-12-10,2.54460115745,aapl
787,2014-12-11,3.52391527584,aapl
788,2014-12-12,0.952567251745,aapl
789,2014-12-13,0.394164122493,aapl
790,2014-12-14,2.2126431515,aapl
791,2014-12-15,2.36107870068,aapl
792,2014-12-16,2.31015987946,aapl
793,2014-12-17,3.83858772318,aapl
794,2014-12-18,2.1656942914,aapl
795,2014-12-19,3.64802449204,aapl
796,2014-12-20,12.0151690829,aapl
797,2014-12-21,5.73943660647,aapl
798,2014-12-22,2.2712702518,aapl
799,2014-12-23,1.5585756974,aapl
800,2014-12-24,5.34549704263,aapl
801,2014-12-25,1.15428301425,aapl
802,2014-12-26,0.856415781265,aapl
803,2014-12-27,2.02639036181,aapl
804,2014-12-28,-8.4922475855,aapl
805,2014-12-29,9.38051149996,aapl
806,2014-12-30,3.90404939666,aapl
807,2014-12-31,3.28787942196,aapl
808,2015-01-01,7.19041565932,aapl
809,2015-01-02,1.2620979569,aapl
810,2015-01-03,8.09913564328,aapl
811,2015-01-04,4.67542509971,aapl
812,2015-01-05,2.48935630353,aapl
813,2015-01-06,3.70690481762,aapl
814,2015-01-07,3.2657951487,aapl
815,2015-01-08,5.51229338638,aapl
816,2015-01-09,0.756830547499,aapl
817,2015-01-10,4.77299371717,aapl
818,2015-01-11,5.81373684984,aapl
819,2015-01-12,8.86078684719,aapl
820,2015-01-13,3.87339603969,aapl
821,2015-01-14,1.33620075257,aapl
822,2015-01-15,2.89463041549,aapl
823,2015-01-16,3.635055554,aapl
824,2015-01-17,0.354080211652,aapl
825,2015-01-18,3.45083273517,aapl
826,2015-01-19,3.90967225869,aapl
827,2015-01-20,2.06215480229,aapl
828,2015-01-21,4.95415706609,aapl
829,2015-01-22,5.13064205676,aapl
830,2015-01-23,5.02742935847,aapl
831,2015-01-24,4.58482863246,aapl
832,2015-01-25,2.55691787433,aapl
833,2015-01-26,4.68632676499,aapl
834,2015-01-27,2.87687601376,aapl
835,2015-01-28,4.91712405885,aapl
836,2015-01-29,4.55996935538,aapl
837,2015-01-30,3.27794784343,aapl
838,2015-01-31,5.28009247,aapl
839,2015-02-01,3.72328142102,aapl
840,2015-02-02,8.72375956366,aapl
841,2015-02-03,4.33434830427,aapl
842,2015-02-04,3.5080201347,aapl
843,2015-02-05,3.48025706891,aapl
844,2015-02-06,9.44698616995,aapl
845,2015-02-07,3.31020796953,aapl
846,2015-02-08,4.36647925567,aapl
847,2015-02-09,2.32642534976,aapl
848,2015-02-10,2.94285501382,aapl
849,2015-02-11,5.0679302017,aapl
850,2015-02-12,3.41132407536,aapl
851,2015-02-13,2.94505254738,aapl
852,2015-02-14,6.87680320551,aapl
853,2015-02-15,1.60315169632,aapl
854,2015-02-16,4.02053681397,aapl
855,2015-02-17,2.49573763818,aapl
856,2015-02-18,6.34645336392,aapl
857,2015-02-19,3.63931315547,aapl
858,2015-02-20,10.4225788527,aapl
859,2015-02-21,3.36107893129,aapl
860,2015-02-22,4.87617127347,aapl
861,2015-02-23,4.03042047444,aapl
862,2015-02-24,6.76858125201,aapl
863,2015-02-25,4.58136116814,aapl
864,2015-02-26,2.71175126124,aapl
865,2015-02-27,3.44524989846,aapl
866,2015-02-28,3.83543552065,aapl
867,2015-03-01,3.73749862212,aapl
868,2015-03-02,4.67215037123,aapl
869,2015-03-03,4.79874999784,aapl
870,2015-03-04,2.98948276211,aapl
871,2015-03-05,1.84952730114,aapl
872,2015-03-06,5.6617413948,aapl
873,2015-03-07,6.28450578009,aapl
874,2015-03-08,3.63411501469,aapl
875,2015-03-09,3.55591377817,aapl
876,2015-03-10,4.59909536923,aapl
877,2015-03-11,3.02917275361,aapl
878,2015-03-12,2.84342252901,aapl
879,2015-03-13,2.20697459598,aapl
880,2015-03-14,4.30223714244,aapl
881,2015-03-15,0.933722090619,aapl
882,2015-03-16,2.21360066866,aapl
883,2015-03-17,2.99802376835,aapl
884,2015-03-18,3.63494194518,aapl
885,2015-03-19,5.84465276515,aapl
886,2015-03-20,4.58439635143,aapl
887,2015-03-21,9.23184628043,aapl
888,2015-03-22,0.784589982474,aapl
889,2015-03-23,3.16461869791,aapl
890,2015-03-24,12.7653757814,aapl
891,2015-03-25,4.24665539662,aapl
892,2015-03-26,2.57586242719,aapl
893,2015-03-27,3.27046465852,aapl
894,2015-03-28,7.43252607724,aapl
895,2015-03-29,4.41959750014,aapl
896,2015-03-30,2.45732203975,aapl
897,2015-03-31,14.0124595221,aapl
898,2015-04-01,2.844287915,aapl
899,2015-04-02,4.41928296794,aapl
900,2015-04-03,3.82642085166,aapl
901,2015-04-04,10.0771412166,aapl
902,2015-04-05,1.10732373691,aapl
903,2015-04-06,3.64549533148,aapl
904,2015-04-07,2.47545658562,aapl
905,2015-04-08,3.37254693727,aapl
906,2015-04-09,4.81933134929,aapl
907,2015-04-10,4.3454242771,aapl
908,2015-04-11,4.3589528219,aapl
909,2015-04-12,3.88094041107,aapl
910,2015-04-13,4.17876219755,aapl
911,2015-04-14,4.80998488511,aapl
912,2015-04-15,4.36444235824,aapl
913,2015-04-16,3.19149078702,aapl
914,2015-04-17,10.1715174549,aapl
915,2015-04-18,4.90746352811,aapl
916,2015-04-19,5.88493660985,aapl
917,2015-04-20,4.05084377111,aapl
918,2015-04-21,7.82254377497,aapl
919,2015-04-22,4.13398282668,aapl
920,2015-04-23,3.0668096191,aapl
921,2015-04-24,2.68252246381,aapl
922,2015-04-25,3.6117964613,aapl
923,2015-04-26,7.08055137154,aapl
924,2015-04-27,4.17774178835,aapl
925,2015-04-28,6.80734254523,aapl
926,2015-04-29,3.00184795578,aapl
927,2015-04-30,3.78936283986,aapl
928,2015-05-01,2.32843402182,aapl
929,2015-05-02,6.68816935866,aapl
930,2015-05-03,0.0178031020745,aapl
931,2015-05-04,3.93466445377,aapl
932,2015-05-05,3.69637811499,aapl
933,2015-05-06,4.14438860337,aapl
934,2015-05-07,7.41395922429,aapl
935,2015-05-08,3.49972984519,aapl
936,2015-05-09,7.18823826246,aapl
937,2015-05-10,2.22439446667,aapl
938,2015-05-11,4.00739593528,aapl
939,2015-05-12,3.06581984634,aapl
940,2015-05-13,3.04361182561,aapl
941,2015-05-14,6.46460841431,aapl
942,2015-05-15,4.14026748655,aapl
943,2015-05-16,5.40112633518,aapl
944,2015-05-17,7.8527710419,aapl
945,2015-05-18,9.26432167259,aapl
946,2015-05-19,2.98037519913,aapl
947,2015-05-20,8.64222195928,aapl
948,2015-05-21,9.59094024624,aapl
949,2015-05-22,6.26698349874,aapl
950,2015-05-23,8.73798971535,aapl
951,2015-05-24,14.2841422395,aapl
952,2015-05-25,0.920851672996,aapl
953,2015-05-26,6.22174188081,aapl
954,2015-05-27,4.4897978482,aapl
955,2015-05-28,5.49563870214,aapl
956,2015-05-29,3.39357985233,aapl
957,2015-05-30,6.32404819163,aapl
958,2015-05-31,2.03856957748,aapl
959,2015-06-01,4.62025902359,aapl
960,2015-06-02,4.45876478309,aapl
961,2015-06-03,3.63546961935,aapl
962,2015-06-04,4.2733805375,aapl
963,2015-06-05,6.03349719324,aapl
964,2015-06-06,4.6058684729,aapl
965,2015-06-07,3.41982727453,aapl
966,2015-06-08,3.89198556026,aapl
967,2015-06-09,3.43852366804,aapl
968,2015-06-10,3.27621285691,aapl
969,2015-06-11,2.01045254383,aapl
970,2015-06-12,8.2925252705,aapl
971,2015-06-13,4.51619640155,aapl
972,2015-06-14,7.18323301833,aapl
973,2015-06-15,4.98528344755,aapl
974,2015-06-16,2.67099163694,aapl
975,2015-06-17,4.61567182112,aapl
976,2015-06-18,2.21833214709,aapl
977,2015-06-19,3.62582870767,aapl
978,2015-06-20,0.264238956831,aapl
979,2015-06-21,0.343537521248,aapl
980,2015-06-22,2.63423002734,aapl
981,2015-06-23,4.72238673796,aapl
982,2015-06-24,4.39121826472,aapl
983,2015-06-25,5.6113552505,aapl
984,2015-06-26,4.49742568884,aapl
985,2015-06-27,4.500789221,aapl
986,2015-06-28,10.3862970839,aapl
987,2015-06-29,2.86852295668,aapl
988,2015-06-30,3.52522415053,aapl
989,2015-07-01,3.19919207684,aapl
990,2015-07-02,7.96625878088,aapl
991,2015-07-03,3.40897591425,aapl
992,2015-07-04,4.86040602567,aapl
993,2015-07-05,3.97169249705,aapl
994,2015-07-06,5.71511176091,aapl
995,2015-07-07,3.55201378844,aapl
996,2015-07-08,6.00174914734,aapl
997,2015-07-09,3.40045019388,aapl
998,2015-07-10,5.16000136889,aapl
999,2015-07-11,5.33935241766,aapl
1000,2015-07-12,2.93885034594,aapl
1001,2015-07-13,2.50110083136,aapl
1002,2015-07-14,4.61671987712,aapl
1003,2015-07-15,2.97391187814,aapl
1004,2015-07-16,2.34285586308,aapl
1005,2015-07-17,7.75465271396,aapl
1006,2015-07-18,4.6630442701,aapl
1007,2015-07-19,1.8045495664,aapl
1008,2015-07-20,3.67623742947,aapl
1009,2015-07-21,4.33595449304,aapl
1010,2015-07-22,1.86323091074,aapl
1011,2015-07-23,1.88783191287,aapl
1012,2015-07-24,6.22625940902,aapl
1013,2015-07-25,7.70021269698,aapl
1014,2015-07-26,6.92239544138,aapl
1015,2015-07-27,4.89642294102,aapl
1016,2015-07-28,5.72534831113,aapl
1017,2015-07-29,3.6711362304,aapl
1018,2015-07-30,4.47555262383,aapl
1019,2015-07-31,7.6435314424,aapl
1020,2015-08-01,6.76926339784,aapl
1021,2015-08-02,4.99444551787,aapl
1022,2015-08-03,3.36226944617,aapl
1023,2015-08-04,3.97960666561,aapl
1024,2015-08-05,4.10274712929,aapl
1025,2015-08-06,5.88234367283,aapl
1026,2015-08-07,3.87485958708,aapl
1027,2015-08-08,4.03215782538,aapl
1028,2015-08-09,4.39035941093,aapl
1029,2015-08-10,5.32557581898,aapl
1030,2015-08-11,6.96918854448,aapl
1031,2015-08-12,3.60051655723,aapl
1032,2015-08-13,1.82723989376,aapl
1033,2015-08-14,3.89693737563,aapl
1034,2015-08-15,5.6561425452,aapl
1035,2015-08-16,23.154712714,aapl
1036,2015-08-17,8.00285108648,aapl
1037,2015-08-18,8.04745810858,aapl
1038,2015-08-19,5.64327045495,aapl
1039,2015-08-20,6.41104576556,aapl
1040,2015-08-21,9.41754074976,aapl
1041,2015-08-22,3.51700259724,aapl
1042,2015-08-23,9.42764755275,aapl
1043,2015-08-24,1.96895065061,aapl
1044,2015-08-25,4.56547814561,aapl
1045,2015-08-26,5.36427800979,aapl
1046,2015-08-27,7.58027456749,aapl
1047,2015-08-28,5.74143331755,aapl
1048,2015-08-29,6.70170021648,aapl
1049,2015-08-30,5.75446308129,aapl
1050,2015-08-31,3.4275812202,aapl
1051,2015-09-01,10.1336849176,aapl
1052,2015-09-02,4.549036635,aapl
1053,2015-09-03,8.09856181342,aapl
1054,2015-09-04,4.34944352029,aapl
1055,2015-09-05,9.61616808464,aapl
1056,2015-09-06,15.8533901638,aapl
1057,2015-09-07,3.60837455172,aapl
1058,2015-09-08,6.09745210787,aapl
1059,2015-09-09,4.69462275779,aapl
1060,2015-09-10,4.27580721211,aapl
1061,2015-09-11,5.72953507822,aapl
1062,2015-09-12,16.9181755018,aapl
1063,2015-09-13,26.8266444956,aapl
1064,2015-09-14,8.91553212514,aapl
1065,2015-09-15,4.78385779509,aapl
1066,2015-09-16,3.88888446417,aapl
1067,2015-09-17,4.41581232876,aapl
1068,2015-09-18,9.97287119804,aapl
1069,2015-09-19,14.7202059956,aapl
1070,2015-09-20,0.9000267361,aapl
1071,2015-09-21,2.17284749835,aapl
1072,2015-09-22,6.91876951882,aapl
1073,2015-09-23,4.9231928578,aapl
1074,2015-09-24,3.88789323868,aapl
1075,2015-09-25,7.71280522894,aapl
1076,2015-09-26,11.3680773741,aapl
1077,2015-09-27,16.8491970703,aapl
1078,2015-09-28,9.45273276534,aapl
1079,2015-09-29,5.06738822976,aapl
1080,2015-09-30,6.76959530851,aapl
1081,2015-10-01,4.23928918366,aapl
1082,2015-10-02,6.03649568811,aapl
1083,2015-10-03,8.3508866696,aapl
1084,2015-10-04,5.29062003059,aapl
1085,2015-10-05,7.33126590831,aapl
1086,2015-10-06,4.73750416831,aapl
1087,2015-10-07,4.92828471607,aapl
1088,2015-10-08,9.44800403333,aapl
1089,2015-10-09,4.94005731255,aapl
1090,2015-10-10,4.08351461377,aapl
1091,2015-10-11,11.021424687,aapl
1092,2015-10-12,5.76914419796,aapl
1093,2015-10-13,11.3106515037,aapl
1094,2015-10-14,2.47518444033,aapl
1095,2015-10-15,5.90619331725,aapl
1096,2015-10-16,2.90254069998,aapl
1097,2015-10-17,5.98113347089,aapl
1098,2015-10-18,5.08100904937,aapl
1099,2015-10-19,4.54436460778,aapl
1100,2015-10-20,4.41904868379,aapl
1101,2015-10-21,2.73787093017,aapl
1102,2015-10-22,4.4190114218,aapl
1103,2015-10-23,6.94859824587,aapl
1104,2015-10-24,16.9785691762,aapl
1105,2015-10-25,14.81064541,aapl
1106,2015-10-26,12.8367619771,aapl
1107,2015-10-27,4.37914565749,aapl
1108,2015-10-28,4.2649629196,aapl
1109,2015-10-29,4.23785859866,aapl
1110,2015-10-30,4.61610148002,aapl
1111,2015-10-31,11.8893813954,aapl
1112,2015-11-01,-0.156756679289,aapl
1113,2015-11-02,4.81318526016,aapl
1114,2015-11-03,8.87591375437,aapl
1115,2015-11-04,10.2662453565,aapl
1116,2015-11-05,9.66507369292,aapl
1117,2015-11-06,9.42684581004,aapl
1118,2015-11-07,12.5811123995,aapl
1119,2015-11-08,6.25162625732,aapl
1120,2015-11-09,21.1490413529,aapl
1121,2015-11-10,8.37754715558,aapl
1122,2015-11-11,2.31325177751,aapl
1123,2015-11-12,2.88550660679,aapl
1124,2015-11-13,7.54247371107,aapl
1125,2015-11-14,22.6534599653,aapl
1126,2015-11-15,21.5420313952,aapl
1127,2015-11-16,6.41606565157,aapl
1128,2015-11-17,4.94425751325,aapl
1129,2015-11-18,5.3489984653,aapl
1130,2015-11-19,7.13450545957,aapl
1131,2015-11-20,10.1549048191,aapl
1132,2015-11-21,25.9855388474,aapl
1133,2015-11-22,5.91503954329,aapl
1134,2015-11-23,16.7148434547,aapl
1135,2015-11-24,7.11966645597,aapl
1136,2015-11-25,11.2172036237,aapl
1137,2015-11-26,13.9029065053,aapl
1138,2015-11-27,11.5612046744,aapl
1139,2015-11-28,16.6811735447,aapl
1140,2015-11-29,16.6133120406,aapl
1141,2015-11-30,12.5176930037,aapl
1142,2015-12-01,11.6606792199,aapl
1143,2015-12-02,13.4374394855,aapl
1144,2015-12-03,19.4003358432,aapl
1145,2015-12-04,11.061229856,aapl
1146,2015-12-05,18.2320189482,aapl
1147,2015-12-06,10.5449384815,aapl
1148,2015-12-07,7.23954789606,aapl
1149,2015-12-08,7.99905451212,aapl
1150,2015-12-09,2.02503895838,aapl
1151,2015-12-10,7.90117061251,aapl
1152,2015-12-11,2.12107274581,aapl
1153,2015-12-12,13.9838318299,aapl
1154,2015-12-13,8.18907883043,aapl
1155,2015-12-14,5.04775565062,aapl
1156,2015-12-15,1.83435640499,aapl
1157,2015-12-16,2.04222894423,aapl
1158,2015-12-17,9.27600674802,aapl
1159,2015-12-18,5.63081580874,aapl
1160,2015-12-19,17.9824178235,aapl
1161,2015-12-20,12.0600211937,aapl
1162,2015-12-21,4.00949712816,aapl
1163,2015-12-22,5.96767174433,aapl
1164,2015-12-23,5.60501842181,aapl
1165,2015-12-24,6.67480398207,aapl
1166,2015-12-25,8.54143888193,aapl
1167,2015-12-26,8.80017977814,aapl
1168,2015-12-27,20.6523041037,aapl
1169,2015-12-28,10.7437958368,aapl
1170,2015-12-29,9.93787234278,aapl
1171,2015-12-30,13.7001455201,aapl
1172,2015-12-31,4.69295611189,aapl
1173,2016-01-01,13.561299895,aapl
1174,2016-01-02,57.7150964555,aapl
1175,2016-01-03,15.3112056639,aapl
1176,2016-01-04,14.9658266088,aapl
1177,2016-01-05,3.91074471781,aapl
1178,2016-01-06,7.43985171706,aapl
